{"cameraMode":{"drawMode":0,"name":"Shaded","section":"Shading Mode"},"sceneLighting":true,"audioPlay":false,"sceneViewState":{"showFog":true,"showMaterialUpdate":false,"showSkybox":true,"showFlares":true,"showImageEffects":true,"showParticleSystems":true},"in2DMode":false,"pivot":{"x":6.650000095367432,"y":1.2389999628067017,"z":-9.791000366210938},"rotation":{"x":0.08683372288942337,"y":-0.8479999303817749,"z":0.14672784507274629,"w":0.5020939707756043},"size":6.230169773101807,"orthographic":false}