{"cameraMode":{"drawMode":0,"name":"Shaded","section":"Shading Mode"},"sceneLighting":true,"audioPlay":false,"sceneViewState":{"showFog":true,"showMaterialUpdate":false,"showSkybox":true,"showFlares":true,"showImageEffects":true,"showParticleSystems":true},"in2DMode":false,"pivot":{"x":10.835938453674317,"y":0.2650414705276489,"z":-5.880092144012451},"rotation":{"x":0.23131200671195985,"y":-0.3071427643299103,"z":0.07720865309238434,"w":0.9200236201286316},"size":3.4431166648864748,"orthographic":false}