{"cameraMode":{"drawMode":0,"name":"Shaded","section":"Shading Mode"},"sceneLighting":false,"audioPlay":false,"sceneViewState":{"showFog":true,"showMaterialUpdate":false,"showSkybox":false,"showFlares":true,"showImageEffects":true,"showParticleSystems":true},"in2DMode":false,"pivot":{"x":-0.8302821516990662,"y":0.06857642531394959,"z":0.019152462482452394},"rotation":{"x":0.14273610711097718,"y":-0.43055322766304018,"z":0.06926221400499344,"w":0.8886277675628662},"size":2.95241379737854,"orthographic":false}